{"cameraMode":{"drawMode":0,"name":"Shaded","section":"Shading Mode"},"sceneLighting":true,"audioPlay":false,"sceneViewState":{"m_AlwaysRefresh":false,"showFog":true,"showSkybox":true,"showFlares":true,"showImageEffects":true,"showParticleSystems":true,"showVisualEffectGraphs":true,"m_FxEnabled":true},"in2DMode":false,"pivot":{"x":0.004291534423828125,"y":0.26805949211120608,"z":-6.302810192108154},"rotation":{"x":0.02308347448706627,"y":-0.8756613731384277,"z":0.04206404834985733,"w":0.48053649067878725},"size":8.287586212158204,"orthographic":false}